<SCENE>
  <!-- Inicial values -->
  <INITIALS>
    <frustum near="0.1" far="500"/>
    <translation x="-1" y="1" z="0" />
    <rotation axis="x" angle="0" />
    <rotation axis="y" angle="0" />
    <rotation axis="z" angle="0" />
    <scale sx="0.25" sy="0.25" sz="0.25" />
    <reference length="5" />
  </INITIALS>

  <!-- Illumination and clear colour -->
  <ILLUMINATION>
    <ambient r="0.2" g="0.2" b="0.2" a="1" />
    <background r="0" g="0" b="0" a="1" />
  </ILLUMINATION>

  <!-- Lights -->
  <LIGHTS>
    <LIGHT id="light0">
      <enable value ="1" />
      <position  x="0" y="12.5" z="0" w="1" />
      <ambient r="0.2" g="0.2" b="0.2" a="1.0" />
      <diffuse r="1.0" g="1.0" b="1.0" a="1.0" />
      <specular r="1.0" g="1.0" b="1.0" a="1.0" />
    </LIGHT>

    <LIGHT id="light1">
      <enable value ="1" />
      <position x="30" y="12.5" z="0" w="1" />
      <ambient r="0.2" g="0.2" b="0.2" a="1.0" />
      <diffuse r="1.0" g="1.0" b="1.0" a="1.0" />
      <specular r="1.0" g="1.0" b="1.0" a="1.0" />
    </LIGHT>

    <LIGHT id="light2">
      <enable value ="1" />
      <position x="0" y="12.5" z="20" w="1" />
      <ambient r="0.2" g="0.2" b="0.2" a="1.0" />
      <diffuse r="1.0" g="1.0" b="1.0" a="1.0" />
      <specular r="1.0" g="1.0" b="1.0" a="1.0" />
    </LIGHT>

    <LIGHT id="light3">
      <enable value ="1" />
      <position x="30" y="12.5" z="20" w="1" />
      <ambient r="0.2" g="0.2" b="0.2" a="1.0" />
      <diffuse r="0.6" g="0.6" b="0.6" a="1.0" />
      <specular r="0.6" g="0.6" b="0.6" a="1.0" />
    </LIGHT>

    <LIGHT id="light4">
      <enable value ="1" />
      <position x="0" y="12.5" z="40" w="1" />
      <ambient r="0.2" g="0.2" b="0.2" a="1.0" />
      <diffuse r="0.6" g="0.6" b="0.6" a="1.0" />
      <specular r="0.6" g="0.6" b="0.6" a="1.0" />
    </LIGHT>

    <LIGHT id="light5">
      <enable value ="1" />
      <position x="30" y="12.5" z="40" w="1" />
      <ambient r="0.2" g="0.2" b="0.2" a="1.0" />
      <diffuse r="0.6" g="0.6" b="0.6" a="1.0" />
      <specular r="0.6" g="0.6" b="0.6" a="1.0" />
    </LIGHT>

    <LIGHT id="light6">
      <enable value ="1" />
      <position x="0" y="12.5" z="60" w="1" />
      <ambient r="0.2" g="0.2" b="0.2" a="1.0" />
      <diffuse r="0.6" g="0.6" b="0.6" a="1.0" />
      <specular r="0.6" g="0.6" b="0.6" a="1.0" />
    </LIGHT>

    <LIGHT id="light7">
      <enable value ="1" />
      <position x="30" y="12.5" z="60" w="1" />
      <ambient r="0.2" g="0.2" b="0.2" a="1.0" />
      <diffuse r="0.6" g="0.6" b="0.6" a="1.0" />
      <specular r="0.6" g="0.6" b="0.6" a="1.0" />
    </LIGHT>
  </LIGHTS>

  <TEXTURES>
    <!-- Rocks -->
    <TEXTURE id="rocks">
      <file path="images/rocks.jpg" />
      <amplif_factor s="1" t="1" />
    </TEXTURE>

    <!-- Street bench -->
    <TEXTURE id="banco">
      <file path="images/bank.jpg" />
      <amplif_factor s="0.5" t="0.5" />
    </TEXTURE>

    <!-- gravilha para chão comboio -->
    <TEXTURE id="gravilha">
      <file path="images/gravilha.jpg" />
      <amplif_factor s="0.15" t="0.15" />
    </TEXTURE>

    <!-- azulejo para paredes da estação -->
    <TEXTURE id="azulejo">
      <file path="images/azulejoPortuguesColorido.png" />
      <amplif_factor s="0.05" t="0.05" />
    </TEXTURE>

    <!-- madeira para as tabuas -->
    <TEXTURE id="madeiraCarris">
      <file path="images/madeira.png" />
      <amplif_factor s="0.5" t="0.5" />
    </TEXTURE>

    <!-- madeira para as tabuas -->
    <TEXTURE id="metalCarris">
      <file path="images/carris.png" />
      <amplif_factor s="0.5" t="0.5" />
    </TEXTURE>

    <!-- porta -->
    <TEXTURE id="portaIMG">
      <file path="images/portaImagem.png" />
      <amplif_factor s="1" t="1" />
    </TEXTURE>
  </TEXTURES>

  <MATERIALS>
    <!-- A default material -->
    <MATERIAL id="defaultMaterial">
      <shininess value="1" />
      <specular r="0.0" g="0.0" b="0.0" a="1" />
      <diffuse r="0.4" g="0.4" b="0.4" a="1" />
      <ambient r="0.4" g="0.4" b="0.4" a="1" />
      <emission r="0.0" g="0.0" b="0.0" a="1" />
    </MATERIAL>

    <!-- gravilha -->
    <MATERIAL id="materialGravilha">
      <shininess value="0.50" />
      <specular r="0.45" g="0.45" b="0.35" a="1" />
      <diffuse r="0.4" g="0.4" b="0.4" a="1" />
      <ambient r="0.4" g="0.4" b="0.4" a="1" />
      <emission r="0.0" g="0.0" b="0.0" a="1" />
    </MATERIAL>

    <MATERIAL id="separatorMaterial">
      <shininess value="1"/>
      <specular r="0.1" g="0.1" b="0.1" a="1"/>
      <diffuse r="0.0" g="0.0" b="0.0" a="1" />
      <ambient r="0.0" g="0.0" b="0.0" a="1" />
      <emission r="0.0" g="0.0" b="0.0" a="1" />
    </MATERIAL>

    <MATERIAL id="carriageMaterial">
      <shininess value="1"/>
      <specular r="0.807" g="0.807" b="0.0" a="1"/>
      <diffuse r="0.0" g="0.0" b="0.0" a="1" />
      <ambient r="0.0" g="0.0" b="0.0" a="1" />
      <emission r="0.1" g="0.1" b="0.1" a="1" />
    </MATERIAL>

    <MATERIAL id="wheelMaterial">
      <shininess value="1"/>
      <specular r="0.268" g="0.274" b="0.294" a="1"/>
      <diffuse r="0.0" g="0.0" b="0.0" a="1" />
      <ambient r="0.0" g="0.0" b="0.0" a="1" />
      <emission r="0.1" g="0.1" b="0.1" a="1" />
    </MATERIAL>

    <MATERIAL id="seatMaterial">
      <shininess value="0.1"/>
      <specular r="0.333" g="0.419" b="0.184" a="1"/>
      <diffuse r="0.0" g="0.0" b="0.0" a="1" />
      <ambient r="0.0" g="0.0" b="0.0" a="1" />
      <emission r="0.1" g="0.1" b="0.1" a="1" />
    </MATERIAL>


  </MATERIALS>

 <NODES>
     <ROOT id="root"/>

    <!-- raiz -->
    <NODE id="root">
      <MATERIAL id="defaultMaterial"/>
      <TEXTURE id="null"/>

      <DESCENDANTS>
        <NODEREF id="patch"/>
        <!-- <NODEREF id="square"/> -->
      </DESCENDANTS>
    </NODE>

    <NODE id="patch">
        <MATERIAL id="defaultMaterial"/>
        <TEXTURE id="null"/>

        <DESCENDANTS>
          <LEAF type="patch" args="20 20">
            <!-- cima -->
            <CPLINE>
              <CPOINT xx="0" yy="0" zz="0" ww="1"/>
              <CPOINT xx="0" yy="0.5" zz="0" ww="1"/>
              <CPOINT xx="0" yy="1" zz="0" ww="1"/>
              <CPOINT xx="0.05" yy="1.5" zz="0" ww="1"/>
              <CPOINT xx="0.15" yy="1.3" zz="0" ww="1"/>
              <CPOINT xx="0.5" yy="2" zz="0" ww="1"/>
              <CPOINT xx="0.85" yy="1.3" zz="0" ww="1"/>
              <CPOINT xx="0.95" yy="1.5" zz="0" ww="1"/>
              <CPOINT xx="1" yy="1" zz="0" ww="1"/>
              <CPOINT xx="1" yy="0" zz="0" ww="1"/>
            </CPLINE>

            <CPLINE>
              <CPOINT xx="0" yy="0" zz="1" ww="1"/>
              <CPOINT xx="0" yy="0.5" zz="1" ww="1"/>
              <CPOINT xx="0" yy="1" zz="1" ww="1"/>
              <CPOINT xx="0.05" yy="1.5" zz="1" ww="1"/>
              <CPOINT xx="0.15" yy="1.3" zz="1" ww="1"/>
              <CPOINT xx="0.5" yy="2" zz="1" ww="1"/>
              <CPOINT xx="0.85" yy="1.3" zz="1" ww="1"/>
              <CPOINT xx="0.95" yy="1.5" zz="1" ww="1"/>
              <CPOINT xx="1" yy="1" zz="1" ww="1"/>
              <CPOINT xx="1" yy="0" zz="1" ww="1"/>
            </CPLINE>

            <CPLINE>
              <CPOINT xx="0" yy="0" zz="1" ww="1"/>
              <CPOINT xx="0.25" yy="0" zz="1" ww="1"/>
              <CPOINT xx="0.35" yy="0" zz="1" ww="1"/>
              <CPOINT xx="0.45" yy="0" zz="1" ww="1"/>
              <CPOINT xx="0.5" yy="0" zz="1" ww="1"/>
              <CPOINT xx="0.65" yy="0" zz="1" ww="1"/>
              <CPOINT xx="0.7" yy="0" zz="1" ww="1"/>
              <CPOINT xx="0.75" yy="0" zz="1" ww="1"/>
              <CPOINT xx="0.85" yy="0" zz="1" ww="1"/>
              <CPOINT xx="1" yy="0" zz="1" ww="1"/>
            </CPLINE>
          </LEAF>
        </DESCENDANTS>

    </NODE>

<!--
    <NODE id="unpatch">
      <MATERIAL id="defaultMaterial"/>
      <TEXTURE id="null"/>

        <DESCENDANTS>
            <LEAF type="patch" args="20 20">

          <CPLINE>
           <CPOINT xx="0" yy="0" zz="14" ww="1"/>
            <CPOINT xx="0" yy="0" zz="13" ww="1"/>
            <CPOINT xx="0" yy="0" zz="12" ww="1"/>
            <CPOINT xx="0" yy="0" zz="11" ww="1"/>
            <CPOINT xx="0" yy="0" zz="10" ww="1"/>
            <CPOINT xx="0" yy="0" zz="9" ww="1"/>
            <CPOINT xx="0" yy="0" zz="8" ww="1"/>
           </CPLINE>
          <CPLINE>
            <CPOINT xx="0" yy="0" zz="8" ww="1"/>
            <CPOINT xx="0" yy="8" zz="8" ww="1"/>
            <CPOINT xx="0" yy="12" zz="8" ww="1"/>
            <CPOINT xx="0" yy="15" zz="0" ww="1"/>
            <CPOINT xx="0" yy="8" zz="-8" ww="1"/>
            <CPOINT xx="0" yy="12" zz="-8" ww="1"/>
            <CPOINT xx="0" yy="0" zz="-8" ww="1"/>
          </CPLINE>
            <CPLINE>
           <CPOINT xx="0" yy="0" zz="-8" ww="1"/>
            <CPOINT xx="0" yy="0" zz="-9" ww="1"/>
            <CPOINT xx="0" yy="0" zz="-11" ww="1"/>
            <CPOINT xx="0" yy="0" zz="-12" ww="1"/>
            <CPOINT xx="0" yy="0" zz="-13" ww="1"/>
            <CPOINT xx="0" yy="0" zz="-13.5" ww="1"/>
            <CPOINT xx="0" yy="0" zz="-14" ww="1"/>
           </CPLINE>
             <CPLINE>
           <CPOINT xx="0" yy="0" zz="-14" ww="1"/>
            <CPOINT xx="0" yy="5" zz="-14" ww="1"/>
            <CPOINT xx="0" yy="10" zz="-14" ww="1"/>
            <CPOINT xx="0" yy="15" zz="-14" ww="1"/>
            <CPOINT xx="0" yy="17" zz="-14" ww="1"/>
            <CPOINT xx="0" yy="18" zz="-14" ww="1"/>
             <CPOINT xx="0" yy="20" zz="-14" ww="1"/>
           </CPLINE>
            <CPLINE>
           <CPOINT xx="0" yy="20" zz="-14" ww="1"/>
            <CPOINT xx="0" yy="20" zz="-8" ww="1"/>
            <CPOINT xx="0" yy="20" zz="0" ww="1"/>
            <CPOINT xx="0" yy="20" zz="8" ww="1"/>
            <CPOINT xx="0" yy="20" zz="9" ww="1"/>
            <CPOINT xx="0" yy="20" zz="10" ww="1"/>
            <CPOINT xx="0" yy="20" zz="14" ww="1"/>
           </CPLINE>
            <CPLINE>
             <CPOINT xx="0" yy="20" zz="14" ww="1"/>
            <CPOINT xx="0" yy="17" zz="14" ww="1"/>
            <CPOINT xx="0" yy="15" zz="14" ww="1"/>
            <CPOINT xx="0" yy="10" zz="14" ww="1"/>
            <CPOINT xx="0" yy="5" zz="14" ww="1"/>
            <CPOINT xx="0" yy="3" zz="14" ww="1"/>
            <CPOINT xx="0" yy="0" zz="14" ww="1"/>
           </CPLINE>
        </LEAF>
      </DESCENDANTS>
    </NODE>
    <NODE id="square">
      <MATERIAL id="defaultMaterial"/>
      <TEXTURE id="null"/>
      <DESCENDANTS>
        <LEAF type="patch" args="20 20">
          <CPLINE>
             <CPOINT xx="0" yy="0" zz="14" ww="1"/>
             <CPOINT xx="0" yy="4" zz="14" ww="1"/>
             <CPOINT xx="0" yy="8" zz="14" ww="1"/>
             <CPOINT xx="0" yy="12" zz="14" ww="1"/>
             <CPOINT xx="0" yy="16" zz="14" ww="1"/>
             <CPOINT xx="0" yy="18" zz="14" ww="1"/>
             <CPOINT xx="0" yy="20" zz="14" ww="1"/>
          </CPLINE>
         <CPLINE>
            <CPOINT xx="0" yy="0" zz="8" ww="1"/>
            <CPOINT xx="0" yy="8" zz="8" ww="1"/>
            <CPOINT xx="0" yy="12" zz="8" ww="1"/>
            <CPOINT xx="0" yy="15" zz="0" ww="1"/>
            <CPOINT xx="0" yy="8" zz="-8" ww="1"/>
            <CPOINT xx="0" yy="12" zz="-8" ww="1"/>
            <CPOINT xx="0" yy="0" zz="-8" ww="1"/>
          </CPLINE>
          <CPLINE>
             <CPOINT xx="0" yy="0" zz="-14" ww="1"/>
             <CPOINT xx="0" yy="4" zz="-14" ww="1"/>
             <CPOINT xx="0" yy="8" zz="-14" ww="1"/>
             <CPOINT xx="0" yy="12" zz="-14" ww="1"/>
             <CPOINT xx="0" yy="16" zz="-14" ww="1"/>
             <CPOINT xx="0" yy="18" zz="-14" ww="1"/>
             <CPOINT xx="0" yy="20" zz="-14" ww="1"/>
          </CPLINE>
        </LEAF>
      </DESCENDANTS>
    </NODE>
-->
 </NODES>
</SCENE>
